Word,Target,Pred_DT,Pred_KNN,Pred_Hyb,Pred_HMM,Failures
xing,SH IH NG,Z IH NG,HH IH NG,Z IH NG,Z IH NG,4
adah,AE D AA,AH D AH,AH D AH,AH D AH,AH D AH,4
lubinsky,L AH B IH N S K IY,L UW B IH N S K IY,L UW M IH N S K IY,L UW B IH N S K IY,L UW B IH N S K IY,4
belies,B IH L AY Z,B IH L IY IY Z,B AH L IY Z,B IH L IY IY Z,B IH L IY IY Z,4
alaniz,AE L AH N IH Z,AH L AA N IY Z,AE L AE N IY Z,AH L AA N IY Z,AH L AA N IY Z,4
oyen,OY IH N,OY EH N,OW IH N,OY EH N,OY EH N,4
andolina,AA N D OW L IY N AH,AE N D AH L IY N AH,AE N D OW L IY N AH,AE N D AH L IY N AH,AE N D AH L IY N AH,4
macfadden,M AH K F AE D AH N,M AH K F AH D AH N,M AH AE D AH N,M AH K F AH D AH N,M AH K F AH D AH N,4
sandinistas,S AE N D IH N IY S T AH Z,S AE N D IH N AH S T AH Z,S AE N D IH N IH S T AH S,S AE N D IH N AH S T AH Z,S AE N D IH N AH S T AH Z,4
smokeless,S M OW K L AH S,S M OW K AH L AH S,S M OW K EH L AH S,S M OW K AH L AH S,S M OW K AH L AH S,4
offshored,AO F SH AO R D,AO F SH AO ER D,AO F SH AO ER D,AO F SH AO ER D,AO F SH AO ER D,4
mihalik,M IH HH AH L IH K,M IH HH AE L IH K,M AY HH AH L IH K,M IH HH AE L IH K,M IH HH AE L IH K,4
spine,S P AY N,S P IH N,S P IH N,S P IH N,S P IH N,4
cadogan,K AA D OW G AA N,K AH D AA G AH N,K AE N OW G AH N,K AH D AA G AH N,K AH D AA G AH N,4
pneumatics,N UH M AE T IH K S,N UW M AE T IH K S,P N M AE T IH K S,N UW M AE T IH K S,N UW M AE T IH K S,4
miscommunicate,M IH S K AH M Y UW N AH K EY T,M IH S K AA M Y UW N AH K EY T,M IH S K AH M IH N IH K EY T,M IH S K AA M Y UW N AH K EY T,M IH S K AA M Y UW N AH K EY T,4
dentin,D EH N T AH N,D EH N T IH N,D EH N T IH N,D EH N T IH N,D EH N T IH N,4
buffeting,B AH F EY IH NG,B AH F IH T IH NG,B AH F IH T IH NG,B AH F IH T IH NG,B AH F IH T IH NG,4
paraphrasing,P EH R AH F R EY Z IH NG,P EH R AH F R EY S IH NG,P EH R AH F R EY IH NG,P EH R AH F R EY S IH NG,P EH R AH F R EY S IH NG,4
paladino,P AA L AA D IY N OW,P AH L AH D IY N OW,P AE L AE D IH N OW,P AH L AH D IY N OW,P AH L AH D IY N OW,4
intracranial,IH N T R AH K R EY N IY AH L,IH N T R AH K R EY N Y AH L,IH N T R AE R EY N Y AH L,IH N T R AH K R EY N Y AH L,IH N T R AH K R EY N Y AH L,4
hierarchies,HH AY R AA R K IY Z,HH AY ER AA R K IY Z,HH ER R AA R K IY Z,HH AY ER AA R CH IY Z,HH AY ER AA R K IY Z,4
adonia,AA D OW N IY AH,AH D AA N IY AH,AH D AA N IH AH,AH D AA N IY AH,AH D AA N IY AH,4
maverick,M AE V ER IH K,M EY V ER IH K,M AE K ER R IH K,M EY V ER IH K,M EY V ER IH K,4
pavone,P AH V OW N,P AA V OW N,P AA V OW N,P AA V OW N,P AA V OW N,4
conticommodity,K AA N T IH K AH M AA D IH T IY,K AH N T IH K AA M AA D AH T IY,K AA N T IH K AH M OW D IH T IY,K AH N T IH K AA M AA D AH T IY,K AH N T IH K AA M AA D AH T IY,4
enemy,EH N AH M IY,EH N IH M IY,EH N AH IY,EH N IH M IY,EH N IH M IY,4
assaf,AH S AE F,AH S AH F,AH S AA F,AH S AH F,AH S AH F,4
scalfaro,S K AE L F AA R OW,S K AE F AA R OW,S K AE L K AA R OW,S K AE F AA R OW,S K AE F AA R OW,4
bodenhamer,B AA D IH N HH AH M ER,B OW D IH N HH AA M ER,B OW D AH N HH AH M ER,B OW D IH N HH AA M ER,B OW D IH N HH AA M ER,4
aggy,AE G IY,AH G IY,AH G G IY,AH G IY,AH G IY,4
wojciak,W OY CH IY AE K,W OY SH AE K,W OY CH AE K,W OY SH AE K,W OY SH AE K,4
newtonchik,N UW T AA N CH IH K,N UW T AO N CH IH K,N UW T AH N CH IY K,N UW T AO N CH IH K,N UW T AO N CH IH K,4
groucho,G R UW CH OW,G R AW OW,G R AW OW,G R AW CH OW,G R AW OW,4
gateley,G AE T IH L IY,G EY T L IY,G AO T L IY,G EY T L IY,G EY T L IY,4
galt,G AO L T,G AE L T,G AE ER T,G AE L T,G AE L T,4
wuerttemberg,W ER T AH M B ER G,W UH R T EH M B ER G,W ER AH T M B ER G,W UH R T EH M B ER G,W UH R T EH M B ER G,4
michaelina,M AY K AH L IY N AH,M IH K AH EH L IY N AH,M IH CH AH R L IH N AH,M IH CH AH EH L IY N AH,M IH K AH EH L IY N AH,4
grimwood,G R IH M W UH D,G R IY M W UH D,G R M W UH D,G R IY M W UH D,G R IY M W UH D,4
deherrera,D EY HH EH R EH R AH,D AH HH EH R EH R AH,D IH F EH G EH R AH,D AH HH EH R EH R AH,D AH HH EH R EH R AH,4
buckwheat,B AH K W IY T,B AH K W HH IY T,B AE K W IY T,B AH K W HH IY T,B AH K W HH IY T,4
deliberate,D IH L IH B ER AH T,D IH L IH B ER EY T,D IH L IH B ER EY T,D IH L IH B ER EY T,D IH L IH B ER EY T,4
typographical,T AY P AH G R AE F IH K AH L,T AY P AA G R AE F IH K AH L,T AY P AA G R AH F IH K AH L,T AY P AA G R AE F IH K AH L,T AY P AA G R AE F IH K AH L,4
bancaire,B AE N K EH R,B AE NG EH R,B AA N R,B AE NG EH R,B AE NG EH R,4
libor,L IY B ER,L IH B ER,L IH B,L IH B ER,L IH B ER,4
budai,B UW D AA IY,B UW D AY,B AH D AH,B UW D AY,B UW D AY,4
zayas,Z EY AA Z,Z AH S,Z N AH Z,Z AH S,Z AH S,4
ulibarri,UW L IY B AA R IY,UW L AY B AA R IY,UW L IH B AA R IY,UW L AY B AA R IY,UW L AY B AA R IY,4
kolker,K OW K ER,K OW L K ER,K OW L K ER,K OW L K ER,K OW L K ER,4
montalbo,M AA N T AE L B OW,M AA N T AA L B OW,M AA N T AH L D OW,M AA N T AA L B OW,M AA N T AA L B OW,4
contretemps,K AA N T R AH T EH M P S,K AH N T R EH T EH M P S,K AA N T R T EH M P S,K AH N T R EH T EH M P S,K AH N T R EH T EH M P S,4
cerbone,CH ER B OW N,S ER R B OW N,S ER S AH N,S ER R B OW N,S ER R B OW N,4
preciado,P R EH CH AA D OW,P R IY SH SH AA D OW,P R IY SH AA D OW,P R IY SH SH AA D OW,P R IY SH SH AA D OW,4
markham,M AA R K AH M,M AA R K HH AH M,M AA R AH M,M AA R K HH AH M,M AA R K HH AH M,4
meeuwsen,M IY UW S AH N,M S EH N,M EH IY P S AH N,M S EH N,M S EH N,4
derousse,D ER UW S,D EH AH UW S,D EH AH S,D EH AH UW S,D EH AH UW S,4
ellipsoid,IH L IH P S OY D,EH L IH P S OY D,EH L AH P S D,EH L IH P S OY D,EH L IH P S OY D,4
atalie,AE T AH L IY,AA T AH L IY,S T AE L IY,AA T AH L,AA T AH L IY,4
seema,S IY M AA,S IY M AH,S M AH,S IY M AH,S IY M AH,4
yearout,Y IH R AW T,Y IH R T,Y ER R AW T,Y IH R T,Y IH R T,4
larocca,L AA R OW K AH,L AA ER OW K AH,L AE R OW K K AH,L AA ER OW K AH,L AA ER OW K AH,4
genome,JH IY N OW M,JH EH N AA M,JH EH N AA M,JH EH N AA M,JH EH N AA M,4
compaq,K AA M P AE K,K AH M P AE K,K AA M P AH,K AH M P AE K,K AH M P AE K,4
laboring,L EY B ER IH NG,L AH B ER IH NG,L AA B R IH NG,L AH B ER IH NG,L AH B ER IH NG,4
northey,N AO R DH IY,N AO R TH IY,N AO R TH,N AO R TH IY,N AO R TH IY,4
mumpower,M AH M P OW ER,M AH M P AW ER,M AH M P AA ER,M AH M P AW ER,M AH M P AW ER,4
lemaitre,L IH M EY T ER,L EH M EY T R ER,L EH M AE T ER,L EH M EY T R,L EH M EY T R ER,4
migneault,M IH G N OW,M IH N OW T,M IH G N OW L T,M IH N OW T,M IH N OW T,4
guatemala,G W AA T AH M AA L AH,G W AA T M AA L AH,G EY T M P L AH,G W AA T M AA L AH,G W AA T M AA L AH,4
causer,K AO Z ER,K AA Z ER,K AA S ER,K AA Z ER,K AA Z ER,4
financiera,F IH N AE N S IY EH R AH,F IH N AE N S IH R AH,F IH N AE N S IY ER R AH,F IH N AE N S IH R AH,F IH N AE N S IH R AH,4
hage,HH EY JH,HH AE JH,HH AE G,HH AE JH,HH AE JH,4
nissei,N IH S EY,N IH EY EY,N IH S T,N IH EY EY,N IH EY EY,4
consob,K AA N S AA B,K AH N S AA B,K AH N S AH N,K AH N S AA B,K AH N S AA B,4
marceca,M AA R S EH K AH,M AA R S K AH,M AA R S K AH,M AA R S K AH,M AA R S K AH,4
osmonds,AO Z M AH N D Z,AA S M AH N D Z,AA S M AA N D Z,AA S M AH N D Z,AA S M AH N D Z,4
giovanni,JH IY OW V AA N IY,JH OW V AA N IY,JH AH V AA N IY,JH OW V AA N IY,JH OW V AA N IY,4
blauser,B L AW S ER,B L AO AW Z ER,B L S ER,B L AO AW Z ER,B L AO AW Z ER,4
divinities,D IH V IH N AH T IY Z,D IH V IH N IH T IY Z,D IH V IH N IH T IY Z,D IH V IH N IH T IY Z,D IH V IH N IH T IY Z,4
eugenics,Y UW JH EH N IH K S,Y UW JH IY N IH K S,L G AH N IH K S,Y UW JH IY N IH K S,Y UW JH IY N IH K S,4
italish,IH T AE L IH SH,IH T AH L IH SH,IH T AE L AH SH,IH T AH L IH SH,IH T AH L IH SH,4
komineft,K AA M IH N EH F T,K OW M AH N EH F T,K OW M AY N EH T,K OW M AH N EH F T,K OW M AH N EH F T,4
oahu,OW AA HH UW,OW AE UW,M AH L,OW AE UW,OW AE UW,4
meme,M IY M,M IH M,M EH N,M IH M,M IH M,4
winnebago,W IH N AH B EY G OW,W IH N IH B AA G OW,W IH N AH B AH R OW,W IH N IH B AA G OW,W IH N IH B AA G OW,4
madalena,M AE D AH L EY N AH,M AE D AH L IY N AH,M AE D AA L EH N AH,M AE D AH L IY N AH,M AE D AH L IY N AH,4
mourned,M AO R N D,M AO ER N D,M ER N D,M AO ER N D,M AO ER N D,4
cerio,CH EH R IY OW,S ER R IY OW,S ER R IY OW,S ER R IY OW,S ER R IY OW,4
wisz,V IH SH,W IH SH,W IH CH T,W IH SH,W IH SH,4
instituted,IH N S T AH T UW T IH D,IH N S T IH T UW T IH D,IH N S T AH T UW T AH D,IH N S T IH T UW T IH D,IH N S T IH T UW T IH D,4
samoth,S AE M AH TH,S AH M AH TH,S AA M AA TH,S AH M AH TH,S AH M AH TH,4
cheesman,CH IY Z M AH N,CH IY S M AH N,CH IY S M AH N,CH IY S M AH N,CH IY S M AH N,4
adjourn,AH JH ER N,AH JH R N,AH IY ER N,AH JH R N,AH JH R N,4
cease,S IY S,S IY Z,B IY EY S,S IY Z,S IY Z,4
titanic,T AY T AE N IH K,T AH T EY N IH K,T IH K AA N IH K,T AH T EY N IH K,T AH T EY N IH K,4
hacksaw,HH AE K S AO,HH AE K S AA,HH AE K S AH,HH AE K S AA,HH AE K S AA,4
arum,EH R AH M,R AH M,K R D M,R AH M,R AH M,4
gawain,G AA W AH N,G AH W N,G AA K N,G AH W N,G AH W N,4
nathene,N AH TH IY N,N AE DH AH N,N AE DH IH N,N AE TH AH N,N AE DH AH N,4
zywicki,Z IH W IH K IY,Z Y W IH K IY,Z UW W IH K IY,Z Y W IH K IY,Z Y W IH K IY,4
desjardin,D EH S ZH AA R D AE N,D EH S ZH AA R D IH N,D IH SH T R D IH N,D EH S ZH AA R D IH N,D EH S ZH AA R D IH N,4
amie,AE M IY,AH M IY,AH M IY,AH M,AH M IY,4
molenaar,M AA L IH N AA R,M AH L AH N AA R,M AO L EH N HH R,M AH L AH N AA R,M AH L AH N AA R,4
colcord,K OW L K ER D,K AO L K AO R D,K AH K AO R D,K AO L K AO R D,K AO L K AO R D,4
metonomy,M AH T AO N AH M IY,M AH T AA N AH M IY,M EH T AH N AH M IY,M AH T AA N AH M IY,M AH T AA N AH M IY,4
ebersol,EH B ER S AA L,EH B ER S AO L,EH B ER S AH N,EH B ER S AO L,EH B ER S AO L,4
rugged,R AH G AH D,R UW G D,R AH G D,R UW G D,R UW G D,4
uehara,UW EY HH AA R AH,UH EY HH AA R AH,B IY HH AE R AH,UH EY HH AA R AH,UH EY HH AA R AH,4
decomposed,D IY K AH M P OW Z D,D IY K AH M P OW Z,D IH K AA M P OW Z,D IY K AH M P OW Z,D IY K AH M P OW Z,4
undisguised,AH N D IH S G AY Z D,AH N D IH S G AY Z,AH N D IH S G AY Z,AH N D IH S G AY Z,AH N D IH S G AY Z,4
etiology,IY T IY AA L AH JH IY,EH T IY AA L AH JH IY,EH SH L AH JH IY,EH T IY AA L AH JH IY,EH T IY AA L AH JH IY,4
aspartame,AE S P ER T EY M,AE S P AA R T AH M,AE S P AA R T AH M,AE S P AA R T AH M,AE S P AA R T AH M,4
askin,AH S K IH N,AE S K IH N,AE S K IH N,AE S K IH N,AE S K IH N,4
dicey,D AY S IY,D IH S EY,D AY N IY,D IH S EY,D IH S EY,4
initiated,IH N IH SH IY EY T AH D,IH N IH SH IY EY T IH D,IH N IH SH EY T AH D,IH N IH SH IY EY T IH D,IH N IH SH IY EY T IH D,4
durrant,D UH R AE N T,D UH ER AH N T,D R AH N T,D UH ER AH N T,D UH ER AH N T,4
boroff,B AO R AO F,B R AO F,B AH R AH F,B R AO F,B R AO F,4
alastair,AE L AH S T EH R,AH L AH S T EH R,AE L AE S T EY R,AH L AH S T EH R,AH L AH S T EH R,4
titanium,T AY T EY N IY AH M,T AH T EY N IY AH M,T IH K AA N IY AH M,T AH T EY N IY AH M,T AH T EY N IY AH M,4
dicecco,D IH S EH K OW,D IH S K OW,D AY K EH K OW,D IH S K OW,D IH S K OW,4
modestly,M AA D AH S T L IY,M AA D EH S T L IY,M OW D EH S S L IY,M AA D EH S T L IY,M AA D EH S T L IY,4
schubring,SH AH B ER IH NG,SH UW B R IH NG,SH R IH NG,SH CH UW B R IH NG,SH UW B R IH NG,4
atheistic,EY TH IY IH S T IH K,AE TH IH S T IH K,AE TH IY IH S T IH K,AE TH IH S T IH K,AE TH IH S T IH K,4
schemer,S K IY M ER,SH EH M ER,SH M ER,SH CH EH M ER,SH EH M ER,4
shreveport,SH R IY V P AO R T,SH R IY V AH P AO R T,SH R EH V EH F AO R T,SH R IY V AH P AO R T,SH R IY V AH P AO R T,4
evict,IH V IH K T,EH V IH K T,EH V IH CH T,EH V IH K T,EH V IH K T,4
hyakutake,HH AY AH K UW T AA K IY,HH AY AA K UW T AH K,HH AY AA K UW T EY K,HH AY AA K UW T AH K,HH AY AA K UW T AH K,4
loftier,L AO F T IY ER,L AA F T IY ER,L AO N T IY ER,L AA F T IY ER,L AA F T IY ER,4
corsage,K AO R S AA ZH,K AO S AA JH,K R S EY K,K AO S AA JH,K AO S AA JH,4
sword,S AO R D,S W AO ER D,S W ER D,S W AO ER D,S W AO ER D,4
lazard,L AH Z AA R D,L AA Z ER D,L AH Z ER D,L AA Z ER D,L AA Z ER D,4
glucosamine,G L UW K AA S AH M IY N,G L UW K AA S AA M IY N,G L AY K AH N AH M N,G L UW K AA S AA M IY N,G L UW K AA S AA M IY N,4
enshroud,IH N SH R AW D,EH N SH R AW D,EH N S ER R D,EH N SH R AW D,EH N SH R AW D,4
belfiore,B EH L F IY AO R IY,B EH L F IY AO R,B EH L L IY AO R,B EH L F IY AO R,B EH L F IY AO R,4
gasoline,G AE S AH L IY N,G AE S OW L IY N,G AE S AA L AH N,G AE S OW L IY N,G AE S OW L IY N,4
megee,M EH JH IY,M EH G IY,M EH D,M EH G,M EH G IY,4
lanai,L AH N AY,L AE N AY,L AE N AY,L AE N AY,L AE N AY,4
juedes,JH W EH D EH S,JH UH IY D Z,JH AH N D Z,JH UH IY D Z,JH UH IY D Z,4
everlasting,EH V ER L AE S T IH NG,EH V ER L AA S T IH NG,EH V ER V AE S T IH NG,EH V ER L AA S T IH NG,EH V ER L AA S T IH NG,4
lamarr,L AH M AA R,L AA M AA R,L AH M AA R D,L AA M AA R,L AA M AA R,4
kremlin,K R EH M L AH N,K R EH M L IH N,K R EH L IH N,K R EH M L IH N,K R EH M L IH N,4
boeschenstein,B OW SH AH N S T IY N,B OW SH AH N S T AY N,B OW SH AH N S T AY N,B OW SH CH AH N S T AY N,B OW SH AH N S T AY N,4
decelles,D EH S AH L Z,D IH S EH L Z,D IH S EH L Z,D IH S EH L Z,D IH S EH L Z,4
bednarik,B EH D N AA R IH K,B EH D N EH ER IH K,B EH N AA R IH K,B EH D N EH ER IH K,B EH D N EH ER IH K,4
colunga,K OW L UW NG G AH,K OW L AH NG G AH,K AH L AH N G AH,K OW L AH NG G AH,K OW L AH NG G AH,4
attila,AH T IH L AH,AH T AH L AH,AE T IY L AH,AH T AH L AH,AH T AH L AH,4
leontyne,L IY AA N T AY N,L EH AH N T AY N,L EH N T IY N,L EH AH N T AY N,L EH AH N T AY N,4
altamira,AA L T AA M IH R AH,AO L T AA M IH R AH,AA L T AH M AO R AH,AO L T AA M IH R AH,AO L T AA M IH R AH,4
shougang,SH AW G AA NG,SH AW G AE NG,SH AO G AE NG,SH AW G AE NG,SH AW G AE NG,4
briar,B R AY ER,B R IY ER,B R K AH,B R IY ER,B R IY ER,4
raphalian,R AH F EY L IY AH N,R AE F AA L IY AH N,R AE F IH L IY AH N,R AE F AA L IY AH N,R AE F AA L IY AH N,4
saccharin,S AE K ER AH N,S AE K R IH N,S AE AA R IH N,S AE CH R IH N,S AE K R IH N,4
seshadri,S EH SH AA D R IY,S EH SH AE D R IY,S EH SH AE D R IY,S EH SH AE D R IY,S EH SH AE D R IY,4
kozakiewicz,K AH Z AA K AH V IH CH,K OW Z AA K IY AH V IH CH,K AA Z S K EH V IH CH,K OW Z AA K IY AH V IH CH,K OW Z AA K IY AH V IH CH,4
fourman,F AO R M AH N,F AO UH R M AH N,F AO ER M AH N,F AO UH R M AH N,F AO UH R M AH N,4
naccarato,N AA K ER AA T OW,N AE K K ER AH T OW,N AE K AA R AH T OW,N AE K K ER AH T OW,N AE K K ER AH T OW,4
jarmin,JH AA R M AH N,JH AA R M IH N,JH AA R L AH N,JH AA R M IH N,JH AA R M IH N,4
ikea,AY K IY AH,IH K IY AH,AY D,IH K IY AH,IH K IY AH,4
grzywacz,G ER Z IH V AE CH,G ER IH W AA CH,G R EY B AE CH,G ER IH W AA CH,G ER IH W AA CH,4
hakanson,HH AE K AH N S AH N,HH AH K AA N S AH N,HH AA L AE N S AH N,HH AH K AA N S AH N,HH AH K AA N S AH N,4
priori,P R AY AO R AY,P R AY AO R IY,P R R IY,P R AY AO R IY,P R AY AO R IY,4
monsour,M AA N S ER,M AA N S R,M AA N S AO R,M AA N S R,M AA N S R,4
renate,R AH N AA T AH,R EH N EY T,R EH N EY T,R EH N EY T,R EH N EY T,4
savir,S EY V ER,S AE V IH R,S AE V IH R,S AE V IH R,S AE V IH R,4
polakowski,P AH L AH K AO F S K IY,P OW L AH K AO F S K IY,P OW L K AO F S K IY,P OW L AH K AO F S K IY,P OW L AH K AO F S K IY,4
majestic,M AH JH EH S T IH K,M AH EH S T IH K,M AE JH EH S T IH K,M AH EH S T IH K,M AH EH S T IH K,4
tiberi,T IY B EH R IY,T IH B IY R IY,T IH B IY IY,T IH B IY R IY,T IH B IY R IY,4
reali,R IY L IY,R IY AH L IY,R IY AH L IY,R IY AH L IY,R IY AH L IY,4
enger,EH NG G ER,EH NG JH ER,IH NG JH ER,EH NG JH ER,EH NG JH ER,4
delapp,D EH L AH P,D EH L AE P,D AH L AE P,D EH L AE P,D EH L AE P,4
boan,B OW N,B OW AH N,B AO N,B OW AH N,B OW AH N,4
zanu,Z AA N UW,Z AE N UW,Z AE N,Z AE N UW,Z AE N UW,4
piggly,P IH G L IY,P IH G AH L IY,P IH L IY,P IH G AH L IY,P IH G AH L IY,4
disobeying,D IH S OW B EY IH NG,D IH S AH B EY IH NG,D IH S AH B EY IH NG,D IH S AH B EY IH NG,D IH S AH B EY IH NG,4
mathematically,M AE TH AH M AE T IH K AH L IY,M AE TH AH M AE T IH K L IY,M AE TH UW M AE T AH K L IY,M AE TH AH M AE T IH K L IY,M AE TH AH M AE T IH K L IY,4
paranoiac,P EH R AH N OY AE K,P EH ER AA N OY AE K,P EH R AA N OW AH L,P EH ER AA N OY AE K,P EH ER AA N OY AE K,4
breaky,B R EY K IY,B R K IY,B R JH IY,B R K IY,B R K IY,4
generales,JH EH N EH R AA L EH S,JH EH N ER AA L Z,JH EH N ER AH L Z,JH EH N ER AA L Z,JH EH N ER AA L Z,4
mallett,M AE L IH T,M AE L EH T,M AA L EH T,M AE L EH T,M AE L EH T,4
defreitas,D EH F R AY T AH Z,D IH F R AY T AH Z,D IH P R AY T S,D IH F R AY T AH Z,D IH F R AY T AH Z,4
memorialized,M AH M AO R IY AH L AY Z D,M EH M AO R IY AH L AY Z D,M EH M R IY AH L AY Z D,M EH M AO R IY AH L AY Z D,M EH M AO R IY AH L AY Z D,4
cochairman,K OW CH EH R M AH N,K AA EH R M AH N,K AA CH EH R M AH N,K AA CH EH R M AH N,K AA EH R M AH N,4
advertisement,AE D V ER T AH Z M AH N T,AE D V ER T AY Z M AH N T,AE D V ER T IH S M AH N T,AE D V ER T AY Z M AH N T,AE D V ER T AY Z M AH N T,4
flaherty,F L EH R T IY,F L EY HH ER T IY,F L AE T ER T IY,F L EY HH ER T IY,F L EY HH ER T IY,4
kasriel,K AE S R IY AH L,K AA S R AH L,K AA S IY L,K AA S R AH L,K AA S R AH L,4
dembski,D EH M S K IY,D EH M B S K IY,D IH M B S K IY,D EH M B S K IY,D EH M B S K IY,4
cahn,K AE N,K AA N,K AA N,K AA N,K AA N,4
cerniglia,CH ER N IY G L IY AA,S ER N IH G L IY AH,S ER N G L IY AH,S ER N IH G L IY AH,S ER N IH G L IY AH,4
buis,B IH Z,B UW IH Z,B IH S,B UW IH Z,B UW IH Z,4
emptied,EH M P T IY D,EH M P T D,EH M P L D,EH M P T D,EH M P T D,4
worcestershire,W UH S T AH SH ER,W UH S T ER SH AY R,W R R S T ER SH,W UH S T ER SH AY R,W UH S T ER SH AY R,4
christlieb,K R IH S T L IY B,K R IH S L IY B,K R IH S T L ER B,CH R IH S L IY B,K R IH S L IY B,4
rhoney,R OW N IY,R AH N IY,R HH AH N IY,R AH N IY,R AH N IY,4
anzalone,AE N Z AH L OW N,AE N Z AA L OW N,AE N D AA L OW N,AE N Z AA L OW N,AE N Z AA L OW N,4
beatie,B IY T IY,B IY AE T IY,B IY AE T IY,B IY AE T,B IY AE T IY,4
pfefferkorn,F EH F ER K AO R N,F EH F ER K ER N,P R EH F ER W AO R N,F EH F ER K ER N,F EH F ER K ER N,4
millimetre,M IH L AH M IY T ER,M IH L AH M AH T ER,M IH L IH M IY T ER,M IH L AH M AH T,M IH L AH M AH T ER,4
fohl,F OW L,F AA L,K OW L,F AA L,F AA L,4
maccarthy,M AH K AA R TH IY,M AE K AA R TH IY,M AE K AA R TH IY,M AE K AA R TH IY,M AE K AA R TH IY,4
bonnes,B AO N Z,B AA N Z,B AA N AH Z,B AA N Z,B AA N Z,4
bottecelli,B AO T AH CH EH L IY,B AA T EH S EH L IY,B AA T EH K EH L IY,B AA T EH S EH L IY,B AA T EH S EH L IY,4
lachance,L AA CH AH N S,L AE AE N S,L AE CH AE N S,L AE CH AE N S,L AE AE N S,4
covill,K AA V AH L,K OW V AH L,K AH V IH L,K OW V AH L,K OW V AH L,4
baehr,B IY R,B AA EH R,B AE R,B AA EH R,B AA EH R,4
jordache,JH AO R D AE SH,JH AO R D AA CH,JH AO R D K,JH AO R D AA CH,JH AO R D AA CH,4
amirav,AE M IH R AE V,AH M IH R AA V,AH M AO R AH L,AH M IH R AA V,AH M IH R AA V,4
antitrust,AE N T AY T R AH S T,AE N T IH T R AH S T,AE N T IH T R AH S T,AE N T IH T R AH S T,AE N T IH T R AH S T,4
dedicated,D EH D AH K EY T AH D,D EH D AH K EY T IH D,D EH D IH K EY T AH D,D EH D AH K EY T IH D,D EH D AH K EY T IH D,4
haruo,HH AA R UW OW,HH AH R UW OW,HH AA R R OW,HH AH R UW OW,HH AH R UW OW,4
delacerda,D EH L AA CH EH R D AH,D EH L EY S EH R D AH,D AH L AH S EH R D AH,D EH L EY S EH R D AH,D EH L EY S EH R D AH,4
pearson,P IH R S AH N,P ER S AH N,P ER S AH N,P ER S AH N,P ER S AH N,4
rakiya,R AH K IY AH,R EY K IY Y AH,R AE K IY AH,R EY K IY Y AH,R EY K IY Y AH,4
aleksandr,AE L AH K S AE N D ER,AH L AH K S AE N D,AA L ER S AE N D,AH L AH K S AE N D,AH L AH K S AE N D,4
sardonically,S AA R D AA N IH K AH L IY,S AA R D OW N IH K L IY,S AA R D AH N IH K L IY,S AA R D OW N IH K L IY,S AA R D OW N IH K L IY,4
reicks,R AY K S,R K S,R K S,R K S,R K S,4
azhar,AH Z AA R,AH Z R,AE SH ER,AH Z R,AH Z R,4
bren,B R EH N,B R AH N,B R AH N,B R AH N,B R AH N,4
szczesniak,SH EH Z N IY AE K,SH EH S N IY AE K,SH N IY AE K,SH EH S N IY AE K,SH EH S N IY AE K,4
norelco,N ER EH L K OW,N AO R EH L K OW,N AO R EH L K OW,N AO R EH L K OW,N AO R EH L K OW,4
astrological,AE S T R AH L AA JH IH K AH L,AE S T R AA L AH JH IH K AH L,AH S T R OW L AH JH IH K AH L,AE S T R AA L AH JH IH K AH L,AE S T R AA L AH JH IH K AH L,4
luxury,L AH G ZH ER IY,L AH G ER IY,L UW ER IY,L AH G ER IY,L AH G ER IY,4
pollman,P OW L M AH N,P AA L M AH N,P AA L M AH N,P AA L M AH N,P AA L M AH N,4
procopio,P R OW K OW P IY OW,P R OW K AA P IY OW,P R OW K AA P IY OW,P R OW K AA P IY OW,P R OW K AA P IY OW,4
stephen,S T IY V AH N,S T EH V AH N,S T EH F AH N,S T EH V AH N,S T EH V AH N,4
daisies,D EY Z IY Z,D EY Z IY IY Z,D EY IY Z,D EY Z IY IY Z,D EY Z IY IY Z,4
kamin,K AA M IY N,K AH M AH N,K AE M AH N,K AH M AH N,K AH M AH N,4
severeville,S AH V IH R V IH L,S EH V ER EH V IH L,S AH V R EH V IH L,S EH V ER EH V IH L,S EH V ER EH V IH L,4
amana,AH M AE N AH,AH M AA N AH,AA M AH N AH,AH M AA N AH,AH M AA N AH,4
politi,P OW L IY T IY,P AA L IH T IY,P OW L IH T IY,P AA L IH T IY,P AA L IH T IY,4
kaysersberg,K AY Z ER Z B ER G,K EY Z ER Z B ER G,K AE Z ER Z B ER G,K EY Z ER Z B ER G,K EY Z ER Z B ER G,4
unforgiving,AH N F ER G IH V IH NG,AH N F AO ER G IH V IH NG,AH N F AO ER G IH V IH NG,AH N F AO ER G IH V IH NG,AH N F AO ER G IH V IH NG,4
logan,L OW G AH N,L AA G AH N,L G AH N,L AA G AH N,L AA G AH N,4
giraldo,JH IH R AA L D OW,G IH ER AH L D OW,G IH R AA L D OW,G IH ER AH L D OW,G IH ER AH L D OW,4
valcourt,V AH L K AO R T,V AA L K AO R T,V AA L K AO R T,V AA L K AO R T,V AA L K AO R T,4
catena,K AH T IY N AH,K AE T AH N AH,K AE T AH N AH,K AE T AH N AH,K AE T AH N AH,4
diliberto,D IH L IY B EH R T OW,D IH L IH B ER T OW,D IH L AY B ER T,D IH L IH B ER T OW,D IH L IH B ER T OW,4
mousel,M UW S EH L,M AW S AH L,M S AH L,M AW S AH L,M AW S AH L,4
periodontal,P EH R IY AH D AA N T AH L,P EH R IY OW D AA N T AH L,P EH R IY OW D AA N T AH L,P EH R IY OW D AA N T AH L,P EH R IY OW D AA N T AH L,4
stupidity,S T UW P IH D IH T IY,S T UW P D AH T IY,S T UW P AH D IH T IY,S T UW P D AH T IY,S T UW P D AH T IY,4
cannone,K AA N OW N IY,K AE N OW N,K AA N OW N,K AE N OW N,K AE N OW N,4
pawelek,P AA V EH L EH K,P AA V AH L IH K,P AA V L,P AA V AH L IH K,P AA V AH L IH K,4
kazee,K AA Z IY,K AE Z IY,K EY M IY,K AE Z,K AE Z IY,4
qatar,K AH T AA R,K AE T AA R,B AA T ER,K AE T AA R,K AE T AA R,4
notepad,N OW T P AE D,N OW T EH P AE D,N OW T EH P AH,N OW T EH P AE D,N OW T EH P AE D,4
dederick,D EH D ER IH K,D AH D ER IH K,D IY D ER IH K,D AH D ER IH K,D AH D ER IH K,4
shymanski,SH AH M AE N S K IY,SH AY M AE N S K IY,SH IH M AH N S K IY,SH AY M AE N S K IY,SH AY M AE N S K IY,4
landress,L AE N D R IH S,L AE N D R EH S,L AE N D R EH S,L AE N D R EH S,L AE N D R EH S,4
feyen,F AY N,F EY AY AH N,F N,F EY AY AH N,F EY AY AH N,4
yaohan,Y AW HH AA N,Y EY AH HH AA N,Y AE N AH N,Y EY AH HH AA N,Y EY AH HH AA N,4
thalamus,TH AE L AH M AH S,TH AA L AH M AH S,TH AH L AH M AH S,TH AA L AH M AH S,TH AA L AH M AH S,4
rozema,R AH Z IY M AH,R AA Z M AH,R OW Z M AH,R AA Z M AH,R AA Z M AH,4
onerous,OW N ER AH S,OW N EH AH S,OW V EH AH S,OW N EH AH S,OW N EH AH S,4
omission,OW M IH SH AH N,OW M AH SH AH N,AA M IH SH AH N,OW M AH SH AH N,OW M AH SH AH N,4
ineffectual,IH N AH F EH K CH UW AH L,IH N IH F EH K CH UW AH L,IH N AO F EH K T AH L,IH N IH F EH K CH UW AH L,IH N IH F EH K CH UW AH L,4
albania,AE L B EY N IY AH,AE L B AA N IY AH,AE L B AE N IY AH,AE L B AA N IY AH,AE L B AA N IY AH,4
xebec,Z EH B AH K,EH B IH K,HH EH B,EH B IH K,EH B IH K,4
vanwyhe,V AE N W AY HH,V AE N W IH HH,V AE N W P,V AE N W IH HH,V AE N W IH HH,4
elating,IH L EY T IH NG,IH L AH T IH NG,EH L EY T IH NG,IH L AH T IH NG,IH L AH T IH NG,4
termine,T ER M IH N,T ER M AH N,T ER M IY N,T ER M AH N,T ER M AH N,4
solemn,S AA L AH M,S OW L AH M,S AH L EH IY N,S OW L AH M,S OW L AH M,4
viansa,V IY AA N S AH,V IY AH N S AH,V IY AH N Z AH,V IY AH N S AH,V IY AH N S AH,4
kovaleski,K AH V AH L EH S K IY,K AH V AA L EH S K IY,K AH V EY L S K IY,K AH V AA L EH S K IY,K AH V AA L EH S K IY,4
waeltermann,W AA L T ER M AH N,W EH L T ER M AH N,W AO L T ER M AH N,W EH L T ER M AH N,W EH L T ER M AH N,4
jonas,JH OW N AH S,JH AA N AH Z,JH AA N AH Z,JH AA N AH Z,JH AA N AH Z,4
rini,R IY N IY,R IH N IY,R IH N IY,R IH N IY,R IH N IY,4
abingdon,AE B IH NG D AH N,AH B IH NG D AH N,AE B IH NG T AH N,AH B IH NG D AH N,AH B IH NG D AH N,4
eisa,EY S AH,AY S AH,AY S AH,AY S AH,AY S AH,4
aufhauser,AO F HH AW Z ER,F HH AW Z ER,AO AW HH S ER,F HH AW Z ER,F HH AW Z ER,4
whoo,W UW,UW,W HH OW,UW,UW,4
bronco,B R AA NG K OW,B R AA N K OW,B R AH N K OW,B R AA N K OW,B R AA N K OW,4
ragu,R AE G UW,R AA G UW,R AA G UW,R AA G UW,R AA G UW,4
iwate,AY W EY T,IY W AO T,S W AO T,IY W AO T,IY W AO T,4
chamberland,CH AE M B ER L AH N D,CH EY M B ER L AH N D,CH AA B ER L AH N D,CH EY M B ER L AH N D,CH EY M B ER L AH N D,4
blas,B L AA S,B L AH Z,B L AH S,B L AH Z,B L AH Z,4
kienast,K IY N AH S T,K AH N AE S T,K IY N AA S T,K AH N AE S T,K AH N AE S T,4
cangialosi,K AA N JH AH L OW S IY,K AA NG JH IY AH L OW S IY,K AA N AH L OW S IY,K AA NG JH IY AH L OW S IY,K AA NG JH IY AH L OW S IY,4
menaker,M EH N AH K ER,M EH N EY K ER,M EH N EY K ER,M EH N EY K ER,M EH N EY K ER,4
rapaport,R AE P AH P AO R T,R AA P AH P AO R T,R AA P AA P AO R T,R AA P AH P AO R T,R AA P AH P AO R T,4
cendejas,S EY N D EY Y AA Z,S EH N D IH JH AH Z,S EH N D AH JH AH Z,S EH N D IH JH AH Z,S EH N D IH JH AH Z,4
outshone,AW T SH OW N,AW CH OW N,AW T S AH N,AW CH SH OW N,AW CH OW N,4
putdown,P UH T D AW N,P AH T D AW N,P AH T D AW N,P AH T D AW N,P AH T D AW N,4
hydrick,HH IH D R IH K,HH AY D R IH K,HH AY D R IH K,HH AY D R IH K,HH AY D R IH K,4
lethality,L IY TH AE L AH T IY,L EH TH AE L AH T IY,L AH TH AH L AH T IY,L EH TH AE L AH T IY,L EH TH AE L AH T IY,4
geraldi,JH EH R AE L D IY,JH ER R AH L D IY,G EH AA L D IY,JH ER R AH L D IY,JH ER R AH L D IY,4
travenol,T R AE V AH N AH L,T R AE V AH N AO L,T R AE V EH N AO L,T R AE V AH N AO L,T R AE V AH N AO L,4
pontillo,P OW N T IH L OW,P AA N T IH L OW,P AA N T IH L OW,P AA N T IH L OW,P AA N T IH L OW,4
politico,P AH L IH T IH K OW,P AA L IH T IY K OW,P OW L IH T IH K OW,P AA L IH T IY K OW,P AA L IH T IY K OW,4
heiland,HH AY L AH N D,HH L AH N D,HH AY L AE N D,HH L AH N D,HH L AH N D,4
hewell,HH EH W EH L,HH Y W EH L,HH EH L,HH Y W EH L,HH Y W EH L,4
matabane,M AE T AH B EY N,M AA T AH B AA N,M AA T AH B AE N,M AA T AH B AA N,M AA T AH B AA N,4
wasmuth,W AO Z M UW TH,W AO Z M AH TH,W AA Z M TH,W AO Z M AH TH,W AO Z M AH TH,4
homefed,HH OW M F EH D,HH OW M EH F T,HH OW M AH T ER,HH OW M EH F T,HH OW M EH F T,4
amish,AA M IH SH,AH M IH SH,AH M IH SH,AH M IH SH,AH M IH SH,4
debugging,D IY B AH G IH NG,D EH B AH G IH NG,D EH B AH G IH NG,D EH B AH G IH NG,D EH B AH G IH NG,4
fierstein,F IY R S T IY N,F IH ER R S T AY N,F IH S T AY N,F IH ER R S T AY N,F IH ER R S T AY N,4
rehiring,R IY HH AY R IH NG,R IY HH IH R IH NG,R IY HH AY IH NG,R IY HH IH R IH NG,R IY HH IH R IH NG,4
comandeered,K AA M AH N D IY R D,K OW M AH N D IH R ER D,K AA M AH N D P ER D,K OW M AH N D IH R ER D,K OW M AH N D IH R ER D,4
outta,UW T AH,AW T T AH,AW T T AH,AW T T AH,AW T T AH,4
reciprocates,R IH S IH P R AH K EY T S,R AH S IH P R AH K EY T S,R IY S IH P R AH K EY T S,R AH S IH P R AH K EY T S,R AH S IH P R AH K EY T S,4
rubicon,R UW B IH K AO N,R UW B IH K AA N,R UW B IH K AA N,R UW B IH K AA N,R UW B IH K AA N,4
astronomy,AH S T R AA N AH M IY,AE S T R AA N AH M IY,AH S T R OW N AH M IY,AE S T R AA N AH M IY,AE S T R AA N AH M IY,4
bowsing,B AW Z IH NG,B OW S IH NG,B OW S IH NG,B OW S IH NG,B OW S IH NG,4
another,AH N AH DH ER,AH N AA DH ER,AE N AH DH ER,AH N AA TH ER,AH N AA DH ER,4
pigott,P IH G AH T,P IY G AA T,P IH G AA T,P IY G AA T,P IY G AA T,4
auditorium,AO D AH T AO R IY AH M,AO D IH T AO R IY AH M,AA D AH T AO R N AH M,AO D IH T AO R IY AH M,AO D IH T AO R IY AH M,4
domzalski,D AH M Z AA L S K IY,D AA M Z AA L S K IY,D AH M P AH L S K IY,D AA M Z AA L S K IY,D AA M Z AA L S K IY,4
dinoseb,D AY N OW S EH B,D IH N OW Z B,D IH N OW Z,D IH N OW Z B,D IH N OW Z B,4
abdullah,AE B D AH L AH,AE B D UW L AH,AA B D AH L AH,AE B D UW L AH,AE B D UW L AH,4
autoeurope,AO T OW Y UH R AH P,AO T AH UH R AH P,AO T OW UH R AH P,AO T AH UH R AH P,AO T AH UH R AH P,4
kweisi,K W AY Z IY,K W AY S IY,K W AY S IY,K W AY S IY,K W AY S IY,4
homogeneity,HH AA M AH JH AH N IY AH T IY,HH OW M AA JH EH N IY AH T IY,HH OW M AH G AH N S T IY,HH OW M AA JH EH N IY AH T IY,HH OW M AA JH EH N IY AH T IY,4
depth,D EH P TH,D IH P TH,D EH TH,D IH P TH,D IH P TH,4
developmental,D IH V EH L AH P M EH N T AH L,D IH V EH L AH P M AH N T AH L,D EH V EH L AA M AH N T AH L,D IH V EH L AH P M AH N T AH L,D IH V EH L AH P M AH N T AH L,4
wassenaar,W AO S IH N AA R,W AO S AH N AA R,W AO S AH N HH R,W AO S AH N AA R,W AO S AH N AA R,4
octial,AA K T Y AH L,AA K SH AH L,AA T AH L,AA K SH AH L,AA K SH AH L,4
rebuck,R EH B AH K,R IH B AH K,R IY D AE K,R IH B AH K,R IH B AH K,4
alejandro,AA L EY Y AA N D R OW,AH L EY Y AA N D R OW,AA L EY M AH N D R OW,AH L EY Y AA N D R OW,AH L EY Y AA N D R OW,4
deodorant,D IY OW D ER AH N T,D IY OW D AO R AA N T,D IY AH D AO R AH N T,D IY OW D AO R AA N T,D IY OW D AO R AA N T,4
beeton,B IY T AH N,B EY T AH N,B T AH N,B EY T AH N,B EY T AH N,4
morihiro,M AO R IY HH IH R OW,M AO R IY HH IY R OW,M AO R SH HH IH R OW,M AO R IY HH IY R OW,M AO R IY HH IY R OW,4
devol,D EH V AO L,D IH V OY L,D EH V AA L,D IH V OY L,D IH V OY L,4
armbrister,AA R M B ER IH S T ER,AA R M B R IH S T ER,AA R M B R IH S T ER,AA R M B R IH S T ER,AA R M B R IH S T ER,4
politeness,P AH L AY T N AH S,P AA L AY T N AH S,P OW L AH T N AH S,P AA L AY T N AH S,P AA L AY T N AH S,4
navarro,N AH V AA R OW,N AA V R OW,N EY V AA R OW,N AA V R OW,N AA V R OW,4
overreliance,OW V ER R IH L AY AH N S,OW V ER R AH L IY AH N S,OW V ER R AH L IY AH N S,OW V ER R AH L IY AH N S,OW V ER R AH L IY AH N S,4
jersey,JH ER Z IY,JH ER S IY,JH ER S IY,JH ER S IY,JH ER S IY,4
mezhdumarodnom,M EH Z D UW M AH R AA D N AH M,M EH Z D UW M AA ER AA D N AA M,M EH TH HH D M AA R AH D N AA M,M EH Z D UW M AA ER AA D N AA M,M EH Z D UW M AA ER AA D N AA M,4
carron,K AE R AH N,K AA R AH N,K AA R AH N,K AA R AH N,K AA R AH N,4
sublet,S AH B L EH T,S AH B L AH T,S AH B L IH T,S AH B L AH T,S AH B L AH T,4
hino,HH IY N OW,HH IH N OW,HH IH N OW,HH IH N OW,HH IH N OW,4
baisch,B AY SH,B EY SH,B EY IH SH,B EY SH CH,B EY SH,4
claren,K L AE R AH N,K L EH R AH N,K L EH R N,K L EH R AH N,K L EH R AH N,4
then,DH EH N,TH AH N,TH HH N,TH AH N,TH AH N,4
pitino,P AH T IY N OW,P IH T AH N OW,P IH T IY N OW,P IH T AH N OW,P IH T AH N OW,4
mahal,M AH HH AA L,M AA HH AA L,M AH HH AH L,M AA HH AA L,M AA HH AA L,4
franjo,F R AE N JH OW,F R AH N JH OW,F R AE N K OW,F R AH N JH OW,F R AH N JH OW,4
methazine,M EH TH AH Z IY N,M EH TH EY Z IY N,M AH TH AH R IY N,M EH TH EY Z IY N,M EH TH EY Z IY N,4
unenthusiastic,AH N IH N TH UW Z IY AE S T IH K,AH N EH N TH UW Z IY AE S T IH K,AH N EH N TH UW R K S T IH K,AH N EH N TH UW Z IY AE S T IH K,AH N EH N TH UW Z IY AE S T IH K,4
truro,T R UW R OW,T R UH R OW,T R R OW,T R UH R OW,T R UH R OW,4
pontificated,P AA N T IH F AH K EY T IH D,P AA N T IH F IH K EY T IH D,P AA N T IH F IH K EY T AH D,P AA N T IH F IH K EY T IH D,P AA N T IH F IH K EY T IH D,4
karimi,K AA R IY M IY,K EH ER IY M IY,K AA R IH M IY,K EH ER IY M IY,K EH ER IY M IY,4
moratorium,M AO R AH T AO R IY AH M,M AO ER AH T AO R IY AH M,M AO R AH T R N AH M,M AO ER AH T AO R IY AH M,M AO ER AH T AO R IY AH M,4
schutzman,SH AH T Z M AH N,SH AH T S M AH N,SH AH T S M AH N,SH CH AH T S M AH N,SH AH T S M AH N,4
borsuk,B AO R S AH K,B AO ER S UH K,B AO ER S K K,B AO ER S UH K,B AO ER S UH K,4
brasil,B R AE S AH L,B R EY Z AH L,B R AH S IH L,B R EY Z AH L,B R EY Z AH L,4
transference,T R AE N S F ER AH N S,T R AE N S F IH AH N S,T R AE N S T AH N S,T R AE N S F IH AH N S,T R AE N S F IH AH N S,4
jeered,JH IH R D,JH R ER D,JH EH ER D,JH R ER D,JH R ER D,4
pollett,P AA L IH T,P AA L EH T,P AA L EH T,P AA L EH T,P AA L EH T,4
archibald,AA R CH AH B AO L D,AA R K SH IY B AA L D,AA R K IH B AO L D,AA R CH IY B AA L D,AA R K SH IY B AA L D,4
tawes,T AO Z,T AO W Z,T AA W S,T AO W Z,T AO W Z,4
shortens,SH AO R T AH N Z,SH AO R T IH N Z,SH AO R T IH N Z,SH AO R T IH N Z,SH AO R T IH N Z,4
embezzler,IH M B EH Z AH L ER,EH M B EH Z AH L ER,IH M B ER K AH L ER,EH M B EH Z AH L ER,EH M B EH Z AH L ER,4
kalinoski,K AH L IH N AW S K IY,K AH L IH N AA S K IY,K AE L IY N OW S K IY,K AH L IH N AA S K IY,K AH L IH N AA S K IY,4
kasprzyk,K AA S P ER Z IH K,K AE S P ER Z IH K,K AE S P R EY K K,K AE S P ER Z IH K,K AE S P ER Z IH K,4
leibrand,L AY B R AE N D,L IY AY B R AE N D,L IY B R AE N D,L IY AY B R AE N D,L IY AY B R AE N D,4
carrithers,K AE R IH DH ER Z,K AA R IH TH ER Z,K AA R IH DH ER Z,K AA R IH TH ER Z,K AA R IH TH ER Z,4
daiquiri,D AE K ER IY,D IH G AY R IY,D EY K AY ER IY,D IH G AY R IY,D IH G AY R IY,4
devincent,D EY V IY N S AH N T,D EH V IH N S EH N T,D EH V IH N S EH N T,D EH V IH N S EH N T,D EH V IH N S EH N T,4
picaro,P IY K AA R OW,P IH K AA R OW,P IH K AA R OW,P IH K AA R OW,P IH K AA R OW,4
cotyledon,K AO T AH L IY D AH N,K AO T IH L IY D AH N,K AA T AY L M AH N,K AO T IH L IY D AH N,K AO T IH L IY D AH N,4
bugaj,B UW G AH JH,B AH G,B UW G AH,B AH G,B AH G,4
sceptre,S EH P T ER,S EH P T R ER,S K EH P T ER,S EH P T R,S EH P T R ER,4
hoben,HH AA B AH N,HH OW B AH N,HH OW B AH N,HH OW B AH N,HH OW B AH N,4
biochemist,B AY OW K EH M AH S T,B AY OW K EH M IH S T,B AY OW K EH M IH S T,B AY OW CH EH M IH S T,B AY OW K EH M IH S T,4
hettler,HH EH T L ER,HH EH T AH L ER,HH EH AH L ER,HH EH T AH L ER,HH EH T AH L ER,4
deaton,D IY T AH N,D EH T AH N,D EH T AH N,D EH T AH N,D EH T AH N,4
stagnating,S T AE G N EY T IH NG,S T AA G N EY T IH NG,S T EY N EY T IH NG,S T AA G N EY T IH NG,S T AA G N EY T IH NG,4
alessandro,AA L EY Z AA N D R OW,AH L EH S AA N D R OW,AA L AH S AE N D R OW,AH L EH S AA N D R OW,AH L EH S AA N D R OW,4
phagan,F EY G AH N,F AA G AH N,HH AH G AH N,F AA G AH N,F AA G AH N,4
sigal,S AY JH AH L,S IH G AH L,S IH K AH L,S IH G AH L,S IH G AH L,4
ivie,AY V IY,IH V IY,IH V IY,IH V,IH V IY,4
oceangoing,OW SH AH N G OW IH NG,OW SH AH NG G OW IH NG,OW SH IY AH NG G L IH NG,OW SH AH NG G OW IH NG,OW SH AH NG G OW IH NG,4
galactose,G AH L AE K T OW S,G AE L AE K T OW S,G AA L AA K T IH S,G AE L AE K T OW S,G AE L AE K T OW S,4
goates,G OW EY T S,G OW T S,G AA T S,G OW T S,G OW T S,4
lacourse,L AH K UH R S,L AA K R S,L AE K R S,L AA K R S,L AA K R S,4
ordaz,AO R D AA Z,AO ER D AA Z,AO R D AH ER,AO ER D AA Z,AO ER D AA Z,4
hypersensitivity,HH AY P ER S EH N S IH T IH V IH T IY,HH AY P ER S EH N S AH T IH V AH T IY,HH AY P ER S EH N S AH T IH V AH T IY,HH AY P ER S EH N S AH T IH V AH T IY,HH AY P ER S EH N S AH T IH V AH T IY,4
rouch,R AW CH,R CH,R CH,R CH,R CH,4
catering,K EY T ER IH NG,K AE T IH IH NG,K AE T IH IH NG,K AE T IH IH NG,K AE T IH IH NG,4
melanie,M EH L AH N IY,M EH L AA N IY,M EH L AE N IY,M EH L AA N,M EH L AA N IY,4
roehrs,R AO R Z,R OW R Z,R OW R Z,R OW R Z,R OW R Z,4
bouchard,B UW SH AA R D,B AW R D,B UW AA R D,B AW CH R D,B AW R D,4
noncompete,N AA N K AH M P IY T,N AA N K AH M P AH T,N AA N K AA M P AH T,N AA N K AH M P AH T,N AA N K AH M P AH T,4
gamino,G AA M IY N OW,G EY M IY N OW,G AE M IY N OW,G EY M IY N OW,G EY M IY N OW,4
masaya,M AA S AA Y AA,M AA S AH AH,M AA S AA AH,M AA S AH AH,M AA S AH AH,4
hasta,HH AE S T AH,HH EY S T AH,HH EY S T AH,HH EY S T AH,HH EY S T AH,4
jurgen,JH ER G AH N,JH ER JH AH N,JH AH ER JH AH N,JH ER JH AH N,JH ER JH AH N,4
kedrowski,K IH D R AO F S K IY,K EH D R AO F S K IY,K IY R AW S K IY,K EH D R AO F S K IY,K EH D R AO F S K IY,4
krier,K R AY ER,K R ER,K R IH ER,K R ER,K R ER,4
labaton,L AE B AH T AH N,L AA B AA T AH N,L AA B AH T AH N,L AA B AA T AH N,L AA B AA T AH N,4
oldsmar,OW L D Z M AA R,OW L D Z M R,OW L D Z M AH ER,OW L D Z M R,OW L D Z M R,4
deland,D IH L AE N D,D EH L AH N D,D AH L AH N D,D EH L AH N D,D EH L AH N D,4
belgian,B EH L JH AH N,B EH L JH IY AH N,B EH L L AH N,B EH L JH IY AH N,B EH L JH IY AH N,4
benights,B IY N AY T S,B EH N AY T S,B EH N IH T S,B EH N AY T S,B EH N AY T S,4
motherland,M AH DH ER L AE N D,M AH DH ER L AH N D,M AH DH ER L AH N D,M AH TH ER L AH N D,M AH DH ER L AH N D,4
disband,D IH S B AE N D,D IH S B AH N D,D IH S K AE N D,D IH S B AH N D,D IH S B AH N D,4
opportunities,AA P ER T UW N AH T IY Z,AA P AO ER CH UW N IH T IY Z,AA P ER T UW N IH T IY Z,AA P AO ER CH UW N IH T IY Z,AA P AO ER CH UW N IH T IY Z,4
cortisol,K AO R T IH S AO L,K AO R T AH S AO L,K AO R T IH S AH N,K AO R T AH S AO L,K AO R T AH S AO L,4
wino,W IY N OW,W IH N OW,W IH N OW,W IH N OW,W IH N OW,4
hildemar,HH IH L D IH M ER,HH IH L D M AA R,HH IH L D IH M AA ER,HH IH L D M AA R,HH IH L D M AA R,4
ceniceros,S EY N IY S EH R OW Z,S EH N IY S EH OW Z,S EH N IH K EH R OW Z,S EH N IY S EH OW Z,S EH N IY S EH OW Z,4
chicagoans,SH AH K AA G OW AH N Z,CH IH K AA G OW N Z,CH IH K R AH N Z,CH IH K AA G OW N Z,CH IH K AA G OW N Z,4
maze,M EY Z,M AH Z,M AH R,M AH Z,M AH Z,4
frieson,F R IY Z AH N,F R IY S AH N,F R IY S AH N,F R IY S AH N,F R IY S AH N,4
schempf,SH EH M F,SH EH M P F,SH EH M P F,SH CH EH M P F,SH EH M P F,4
schnurr,SH N ER,SH N R ER,SH B N,SH CH N R ER,SH N R ER,4
stepmom,S T EH P M AA M,S T EH P M AH M,S T EH M AH M,S T EH P M AH M,S T EH P M AH M,4
douthett,D AW TH IH T,D AW UW DH EH T,D DH EH T,D AW UW TH EH T,D AW UW DH EH T,4
wellendorf,W EH L IH N D AO R F,W EH L EH N D AO R F,W EH L EH N D AO R F,W EH L EH N D AO R F,W EH L EH N D AO R F,4
ostrem,AA S T R IH M,AA S T R AH M,AA S T R EH D,AA S T R AH M,AA S T R AH M,4
landscaping,L AE N D S K EY P IH NG,L AE N D S K AE P IH NG,L AE N D S K AE R IH NG,L AE N D S K AE P IH NG,L AE N D S K AE P IH NG,4
ethelyn,EH TH IH L IH N,EH TH L IH N,EH TH EH L IY N,EH TH L IH N,EH TH L IH N,4
jiminez,HH IH M EH N EH Z,JH IH M AY N EH Z,HH IH M AH N IY Z,JH IH M AY N EH Z,JH IH M AY N EH Z,4
mccurdy,M AH K ER D IY,M AH K R D IY,M AH K R D IY,M AH K R D IY,M AH K R D IY,4
jagow,Y AA G OW,JH AA G AW,L AA G AH,JH AA G AW,JH AA G AW,4
femina,F EH M IH N AH,F IY M AH N AH,F EH M AH N AH,F IY M AH N AH,F IY M AH N AH,4
thurstan,TH ER S T AH N,TH ER S T AE N,TH ER ER S T AE N,TH ER S T AE N,TH ER S T AE N,4
